cardNo,name,address,phone
0,name0,address0,530-219-0000
1,name1,address1,530-219-0001
2,name2,address2,530-219-0002
3,name3,address3,530-219-0003
4,name4,address4,530-219-0004
5,name5,address5,530-219-0005
6,name6,address6,530-219-0006
7,name7,address7,530-219-0007
8,name8,address8,530-219-0008
9,name9,address9,530-219-0009
10,name10,address10,530-219-0010
11,name11,address11,530-219-0011
12,name12,address12,530-219-0012
13,name13,address13,530-219-0013
14,name14,address14,530-219-0014
15,name15,address15,530-219-0015
16,name16,address16,530-219-0016
17,name17,address17,530-219-0017
18,name18,address18,530-219-0018
19,name19,address19,530-219-0019
20,name20,address20,530-219-0020
